Country Name,Continent,Country Code (Alpha-3),Flag Image URL
South Georgia,Antarctica,SGS,https://flagcdn.com/w320/gs.png
Grenada,North America,GRD,https://flagcdn.com/w320/gd.png
Switzerland,Europe,CHE,https://flagcdn.com/w320/ch.png
Sierra Leone,Africa,SLE,https://flagcdn.com/w320/sl.png
Hungary,Europe,HUN,https://flagcdn.com/w320/hu.png
Taiwan,Asia,TWN,https://flagcdn.com/w320/tw.png
Wallis and Futuna,Oceania,WLF,https://flagcdn.com/w320/wf.png
Barbados,North America,BRB,https://flagcdn.com/w320/bb.png
Pitcairn Islands,Oceania,PCN,https://flagcdn.com/w320/pn.png
Ivory Coast,Africa,CIV,https://flagcdn.com/w320/ci.png
Tunisia,Africa,TUN,https://flagcdn.com/w320/tn.png
Italy,Europe,ITA,https://flagcdn.com/w320/it.png
Benin,Africa,BEN,https://flagcdn.com/w320/bj.png
Indonesia,Asia,IDN,https://flagcdn.com/w320/id.png
Cape Verde,Africa,CPV,https://flagcdn.com/w320/cv.png
Saint Kitts and Nevis,North America,KNA,https://flagcdn.com/w320/kn.png
Laos,Asia,LAO,https://flagcdn.com/w320/la.png
Caribbean Netherlands,North America,BES,https://flagcdn.com/w320/bq.png
Uganda,Africa,UGA,https://flagcdn.com/w320/ug.png
Andorra,Europe,AND,https://flagcdn.com/w320/ad.png
Burundi,Africa,BDI,https://flagcdn.com/w320/bi.png
South Africa,Africa,ZAF,https://flagcdn.com/w320/za.png
France,Europe,FRA,https://flagcdn.com/w320/fr.png
Libya,Africa,LBY,https://flagcdn.com/w320/ly.png
Mexico,North America,MEX,https://flagcdn.com/w320/mx.png
Gabon,Africa,GAB,https://flagcdn.com/w320/ga.png
Northern Mariana Islands,Oceania,MNP,https://flagcdn.com/w320/mp.png
North Macedonia,Europe,MKD,https://flagcdn.com/w320/mk.png
China,Asia,CHN,https://flagcdn.com/w320/cn.png
Yemen,Asia,YEM,https://flagcdn.com/w320/ye.png
Saint Barthélemy,North America,BLM,https://flagcdn.com/w320/bl.png
Guernsey,Europe,GGY,https://flagcdn.com/w320/gg.png
Solomon Islands,Oceania,SLB,https://flagcdn.com/w320/sb.png
Svalbard and Jan Mayen,Europe,SJM,https://flagcdn.com/w320/sj.png
Faroe Islands,Europe,FRO,https://flagcdn.com/w320/fo.png
Uzbekistan,Asia,UZB,https://flagcdn.com/w320/uz.png
Egypt,Africa,EGY,https://flagcdn.com/w320/eg.png
Senegal,Africa,SEN,https://flagcdn.com/w320/sn.png
Sri Lanka,Asia,LKA,https://flagcdn.com/w320/lk.png
Palestine,Asia,PSE,https://flagcdn.com/w320/ps.png
Bangladesh,Asia,BGD,https://flagcdn.com/w320/bd.png
Peru,South America,PER,https://flagcdn.com/w320/pe.png
Singapore,Asia,SGP,https://flagcdn.com/w320/sg.png
Turkey,Europe,TUR,https://flagcdn.com/w320/tr.png
Afghanistan,Asia,AFG,https://flagcdn.com/w320/af.png
Aruba,North America,ABW,https://flagcdn.com/w320/aw.png
Cook Islands,Oceania,COK,https://flagcdn.com/w320/ck.png
United Kingdom,Europe,GBR,https://flagcdn.com/w320/gb.png
Zambia,Africa,ZMB,https://flagcdn.com/w320/zm.png
Finland,Europe,FIN,https://flagcdn.com/w320/fi.png
Niger,Africa,NER,https://flagcdn.com/w320/ne.png
Christmas Island,Asia,CXR,https://flagcdn.com/w320/cx.png
Tokelau,Oceania,TKL,https://flagcdn.com/w320/tk.png
Guinea-Bissau,Africa,GNB,https://flagcdn.com/w320/gw.png
Azerbaijan,Europe,AZE,https://flagcdn.com/w320/az.png
Réunion,Africa,REU,https://flagcdn.com/w320/re.png
Djibouti,Africa,DJI,https://flagcdn.com/w320/dj.png
North Korea,Asia,PRK,https://flagcdn.com/w320/kp.png
Mauritius,Africa,MUS,https://flagcdn.com/w320/mu.png
Montserrat,North America,MSR,https://flagcdn.com/w320/ms.png
United States Virgin Islands,North America,VIR,https://flagcdn.com/w320/vi.png
Colombia,South America,COL,https://flagcdn.com/w320/co.png
Greece,Europe,GRC,https://flagcdn.com/w320/gr.png
Croatia,Europe,HRV,https://flagcdn.com/w320/hr.png
Morocco,Africa,MAR,https://flagcdn.com/w320/ma.png
Algeria,Africa,DZA,https://flagcdn.com/w320/dz.png
Antarctica,Antarctica,ATA,https://flagcdn.com/w320/aq.png
Netherlands,Europe,NLD,https://flagcdn.com/w320/nl.png
Sudan,Africa,SDN,https://flagcdn.com/w320/sd.png
Fiji,Oceania,FJI,https://flagcdn.com/w320/fj.png
Liechtenstein,Europe,LIE,https://flagcdn.com/w320/li.png
Nepal,Asia,NPL,https://flagcdn.com/w320/np.png
Puerto Rico,North America,PRI,https://flagcdn.com/w320/pr.png
Georgia,Asia,GEO,https://flagcdn.com/w320/ge.png
Pakistan,Asia,PAK,https://flagcdn.com/w320/pk.png
Monaco,Europe,MCO,https://flagcdn.com/w320/mc.png
Botswana,Africa,BWA,https://flagcdn.com/w320/bw.png
Lebanon,Asia,LBN,https://flagcdn.com/w320/lb.png
Papua New Guinea,Oceania,PNG,https://flagcdn.com/w320/pg.png
Mayotte,Africa,MYT,https://flagcdn.com/w320/yt.png
Dominican Republic,North America,DOM,https://flagcdn.com/w320/do.png
Norfolk Island,Oceania,NFK,https://flagcdn.com/w320/nf.png
Bouvet Island,Antarctica,BVT,https://flagcdn.com/w320/bv.png
Qatar,Asia,QAT,https://flagcdn.com/w320/qa.png
Madagascar,Africa,MDG,https://flagcdn.com/w320/mg.png
India,Asia,IND,https://flagcdn.com/w320/in.png
Syria,Asia,SYR,https://flagcdn.com/w320/sy.png
Montenegro,Europe,MNE,https://flagcdn.com/w320/me.png
Eswatini,Africa,SWZ,https://flagcdn.com/w320/sz.png
Paraguay,South America,PRY,https://flagcdn.com/w320/py.png
El Salvador,North America,SLV,https://flagcdn.com/w320/sv.png
Ukraine,Europe,UKR,https://flagcdn.com/w320/ua.png
Isle of Man,Europe,IMN,https://flagcdn.com/w320/im.png
Namibia,Africa,NAM,https://flagcdn.com/w320/na.png
United Arab Emirates,Asia,ARE,https://flagcdn.com/w320/ae.png
Bulgaria,Europe,BGR,https://flagcdn.com/w320/bg.png
Greenland,North America,GRL,https://flagcdn.com/w320/gl.png
Germany,Europe,DEU,https://flagcdn.com/w320/de.png
Cambodia,Asia,KHM,https://flagcdn.com/w320/kh.png
Iraq,Asia,IRQ,https://flagcdn.com/w320/iq.png
French Southern and Antarctic Lands,Antarctica,ATF,https://flagcdn.com/w320/tf.png
Sweden,Europe,SWE,https://flagcdn.com/w320/se.png
Cuba,North America,CUB,https://flagcdn.com/w320/cu.png
Kyrgyzstan,Asia,KGZ,https://flagcdn.com/w320/kg.png
Russia,Europe,RUS,https://flagcdn.com/w320/ru.png
Malaysia,Asia,MYS,https://flagcdn.com/w320/my.png
São Tomé and Príncipe,Africa,STP,https://flagcdn.com/w320/st.png
Cyprus,Europe,CYP,https://flagcdn.com/w320/cy.png
Canada,North America,CAN,https://flagcdn.com/w320/ca.png
Malawi,Africa,MWI,https://flagcdn.com/w320/mw.png
Saudi Arabia,Asia,SAU,https://flagcdn.com/w320/sa.png
Bosnia and Herzegovina,Europe,BIH,https://flagcdn.com/w320/ba.png
Ethiopia,Africa,ETH,https://flagcdn.com/w320/et.png
Spain,Europe,ESP,https://flagcdn.com/w320/es.png
Slovenia,Europe,SVN,https://flagcdn.com/w320/si.png
Oman,Asia,OMN,https://flagcdn.com/w320/om.png
Saint Pierre and Miquelon,North America,SPM,https://flagcdn.com/w320/pm.png
Macau,Asia,MAC,https://flagcdn.com/w320/mo.png
San Marino,Europe,SMR,https://flagcdn.com/w320/sm.png
Lesotho,Africa,LSO,https://flagcdn.com/w320/ls.png
Marshall Islands,Oceania,MHL,https://flagcdn.com/w320/mh.png
Sint Maarten,North America,SXM,https://flagcdn.com/w320/sx.png
Iceland,Europe,ISL,https://flagcdn.com/w320/is.png
Luxembourg,Europe,LUX,https://flagcdn.com/w320/lu.png
Argentina,South America,ARG,https://flagcdn.com/w320/ar.png
Turks and Caicos Islands,North America,TCA,https://flagcdn.com/w320/tc.png
Nauru,Oceania,NRU,https://flagcdn.com/w320/nr.png
Cocos (Keeling) Islands,Asia,CCK,https://flagcdn.com/w320/cc.png
Western Sahara,Africa,ESH,https://flagcdn.com/w320/eh.png
Dominica,North America,DMA,https://flagcdn.com/w320/dm.png
Costa Rica,North America,CRI,https://flagcdn.com/w320/cr.png
Australia,Oceania,AUS,https://flagcdn.com/w320/au.png
Thailand,Asia,THA,https://flagcdn.com/w320/th.png
Haiti,North America,HTI,https://flagcdn.com/w320/ht.png
Tuvalu,Oceania,TUV,https://flagcdn.com/w320/tv.png
Honduras,North America,HND,https://flagcdn.com/w320/hn.png
Equatorial Guinea,Africa,GNQ,https://flagcdn.com/w320/gq.png
Saint Lucia,North America,LCA,https://flagcdn.com/w320/lc.png
French Polynesia,Oceania,PYF,https://flagcdn.com/w320/pf.png
Belarus,Europe,BLR,https://flagcdn.com/w320/by.png
Latvia,Europe,LVA,https://flagcdn.com/w320/lv.png
Palau,Oceania,PLW,https://flagcdn.com/w320/pw.png
Guadeloupe,North America,GLP,https://flagcdn.com/w320/gp.png
Philippines,Asia,PHL,https://flagcdn.com/w320/ph.png
Gibraltar,Europe,GIB,https://flagcdn.com/w320/gi.png
Denmark,Europe,DNK,https://flagcdn.com/w320/dk.png
Cameroon,Africa,CMR,https://flagcdn.com/w320/cm.png
Guinea,Africa,GIN,https://flagcdn.com/w320/gn.png
Bahrain,Asia,BHR,https://flagcdn.com/w320/bh.png
Suriname,South America,SUR,https://flagcdn.com/w320/sr.png
DR Congo,Africa,COD,https://flagcdn.com/w320/cd.png
Somalia,Africa,SOM,https://flagcdn.com/w320/so.png
Czechia,Europe,CZE,https://flagcdn.com/w320/cz.png
New Caledonia,Oceania,NCL,https://flagcdn.com/w320/nc.png
Vanuatu,Oceania,VUT,https://flagcdn.com/w320/vu.png
"Saint Helena, Ascension and Tristan da Cunha",Africa,SHN,https://flagcdn.com/w320/sh.png
Togo,Africa,TGO,https://flagcdn.com/w320/tg.png
British Virgin Islands,North America,VGB,https://flagcdn.com/w320/vg.png
Kenya,Africa,KEN,https://flagcdn.com/w320/ke.png
Niue,Oceania,NIU,https://flagcdn.com/w320/nu.png
Heard Island and McDonald Islands,Antarctica,HMD,https://flagcdn.com/w320/hm.png
Rwanda,Africa,RWA,https://flagcdn.com/w320/rw.png
Estonia,Europe,EST,https://flagcdn.com/w320/ee.png
Romania,Europe,ROU,https://flagcdn.com/w320/ro.png
Trinidad and Tobago,North America,TTO,https://flagcdn.com/w320/tt.png
Guyana,South America,GUY,https://flagcdn.com/w320/gy.png
Timor-Leste,Oceania,TLS,https://flagcdn.com/w320/tl.png
Vietnam,Asia,VNM,https://flagcdn.com/w320/vn.png
Uruguay,South America,URY,https://flagcdn.com/w320/uy.png
Vatican City,Europe,VAT,https://flagcdn.com/w320/va.png
Hong Kong,Asia,HKG,https://flagcdn.com/w320/hk.png
Austria,Europe,AUT,https://flagcdn.com/w320/at.png
Antigua and Barbuda,North America,ATG,https://flagcdn.com/w320/ag.png
Turkmenistan,Asia,TKM,https://flagcdn.com/w320/tm.png
Mozambique,Africa,MOZ,https://flagcdn.com/w320/mz.png
Panama,North America,PAN,https://flagcdn.com/w320/pa.png
Micronesia,Oceania,FSM,https://flagcdn.com/w320/fm.png
Ireland,Europe,IRL,https://flagcdn.com/w320/ie.png
Curaçao,North America,CUW,https://flagcdn.com/w320/cw.png
French Guiana,South America,GUF,https://flagcdn.com/w320/gf.png
Norway,Europe,NOR,https://flagcdn.com/w320/no.png
Åland Islands,Europe,ALA,https://flagcdn.com/w320/ax.png
Central African Republic,Africa,CAF,https://flagcdn.com/w320/cf.png
Burkina Faso,Africa,BFA,https://flagcdn.com/w320/bf.png
Eritrea,Africa,ERI,https://flagcdn.com/w320/er.png
Tanzania,Africa,TZA,https://flagcdn.com/w320/tz.png
South Korea,Asia,KOR,https://flagcdn.com/w320/kr.png
Jordan,Asia,JOR,https://flagcdn.com/w320/jo.png
Mauritania,Africa,MRT,https://flagcdn.com/w320/mr.png
Lithuania,Europe,LTU,https://flagcdn.com/w320/lt.png
United States Minor Outlying Islands,Oceania,UMI,https://flagcdn.com/w320/um.png
Slovakia,Europe,SVK,https://flagcdn.com/w320/sk.png
Angola,Africa,AGO,https://flagcdn.com/w320/ao.png
Kazakhstan,Asia,KAZ,https://flagcdn.com/w320/kz.png
Moldova,Europe,MDA,https://flagcdn.com/w320/md.png
Mali,Africa,MLI,https://flagcdn.com/w320/ml.png
Falkland Islands,South America,FLK,https://flagcdn.com/w320/fk.png
Armenia,Asia,ARM,https://flagcdn.com/w320/am.png
Samoa,Oceania,WSM,https://flagcdn.com/w320/ws.png
Jersey,Europe,JEY,https://flagcdn.com/w320/je.png
Japan,Asia,JPN,https://flagcdn.com/w320/jp.png
Bolivia,South America,BOL,https://flagcdn.com/w320/bo.png
Chile,South America,CHL,https://flagcdn.com/w320/cl.png
United States,North America,USA,https://flagcdn.com/w320/us.png
Saint Vincent and the Grenadines,North America,VCT,https://flagcdn.com/w320/vc.png
Bermuda,North America,BMU,https://flagcdn.com/w320/bm.png
Seychelles,Africa,SYC,https://flagcdn.com/w320/sc.png
British Indian Ocean Territory,Asia,IOT,https://flagcdn.com/w320/io.png
Guatemala,North America,GTM,https://flagcdn.com/w320/gt.png
Ecuador,South America,ECU,https://flagcdn.com/w320/ec.png
Martinique,North America,MTQ,https://flagcdn.com/w320/mq.png
Tajikistan,Asia,TJK,https://flagcdn.com/w320/tj.png
Malta,Europe,MLT,https://flagcdn.com/w320/mt.png
Gambia,Africa,GMB,https://flagcdn.com/w320/gm.png
Nigeria,Africa,NGA,https://flagcdn.com/w320/ng.png
Bahamas,North America,BHS,https://flagcdn.com/w320/bs.png
Kosovo,Europe,UNK,https://flagcdn.com/w320/xk.png
Kuwait,Asia,KWT,https://flagcdn.com/w320/kw.png
Maldives,Asia,MDV,https://flagcdn.com/w320/mv.png
South Sudan,Africa,SSD,https://flagcdn.com/w320/ss.png
Iran,Asia,IRN,https://flagcdn.com/w320/ir.png
Albania,Europe,ALB,https://flagcdn.com/w320/al.png
Brazil,South America,BRA,https://flagcdn.com/w320/br.png
Serbia,Europe,SRB,https://flagcdn.com/w320/rs.png
Belize,North America,BLZ,https://flagcdn.com/w320/bz.png
Myanmar,Asia,MMR,https://flagcdn.com/w320/mm.png
Bhutan,Asia,BTN,https://flagcdn.com/w320/bt.png
Venezuela,South America,VEN,https://flagcdn.com/w320/ve.png
Liberia,Africa,LBR,https://flagcdn.com/w320/lr.png
Jamaica,North America,JAM,https://flagcdn.com/w320/jm.png
Poland,Europe,POL,https://flagcdn.com/w320/pl.png
Cayman Islands,North America,CYM,https://flagcdn.com/w320/ky.png
Brunei,Asia,BRN,https://flagcdn.com/w320/bn.png
Comoros,Africa,COM,https://flagcdn.com/w320/km.png
Guam,Oceania,GUM,https://flagcdn.com/w320/gu.png
Tonga,Oceania,TON,https://flagcdn.com/w320/to.png
Kiribati,Oceania,KIR,https://flagcdn.com/w320/ki.png
Ghana,Africa,GHA,https://flagcdn.com/w320/gh.png
Chad,Africa,TCD,https://flagcdn.com/w320/td.png
Zimbabwe,Africa,ZWE,https://flagcdn.com/w320/zw.png
Saint Martin,North America,MAF,https://flagcdn.com/w320/mf.png
Mongolia,Asia,MNG,https://flagcdn.com/w320/mn.png
Portugal,Europe,PRT,https://flagcdn.com/w320/pt.png
American Samoa,Oceania,ASM,https://flagcdn.com/w320/as.png
Republic of the Congo,Africa,COG,https://flagcdn.com/w320/cg.png
Belgium,Europe,BEL,https://flagcdn.com/w320/be.png
Israel,Asia,ISR,https://flagcdn.com/w320/il.png
New Zealand,Oceania,NZL,https://flagcdn.com/w320/nz.png
Nicaragua,North America,NIC,https://flagcdn.com/w320/ni.png
Anguilla,North America,AIA,https://flagcdn.com/w320/ai.png
